{
    "新疆": [87.500966,  43.983832],
    "西藏": [90.959657,  29.881987],
    "青海": [101.703679, 36.733408],
    "甘肃": [103.764176, 36.198433],
    "内蒙古": [111.711808, 40.98898],
    "宁夏": [106.192619, 38.605171],
    "四川": [103.984944, 30.712171],
    "云南": [102.733927, 25.025991],
    "陕西": [112.521289, 38.025365],
    "山西": [108.84183,  34.510421],
    "重庆": [106.413387, 29.689402],
    "贵州": [106.560565, 26.756654],
    "广西": [108.326706, 22.99805],
    "海南": [110.129641, 20.14162],
    "广东": [113.183592, 23.202287],
    "澳门": [113.551538, 22.109432],
    "香港": [114.066662, 22.588638],
    "台湾": [121.49917,  25.12653],
    "福建": [119.107522, 26.193691],
    "江西": [115.722419, 28.882959],
    "湖南": [112.778851, 28.363482],
    "湖北": [114.177046, 30.743959],
    "安徽": [117.120614, 31.943998],
    "浙江": [119.990592, 30.361806],
    "江苏": [118.665986, 32.194658], 
    "河南": [113.441154, 34.8448], 
    "山东": [116.973435, 36.763019],
    "上海": [121.315197, 31.314325], 
    "河北": [114.397814, 38.170754], 
    "天津": [117.194203, 39.180291],
    "北京": [116.384722, 39.977552], 
    "辽宁": [123.412489, 41.875105], 
    "吉林": [125.252219, 43.850841],
    "黑龙江": [126.503235, 45.865719]
}